id,model,1,2,3,4,5,6,7,8,9,10,11,12,13,14,15,16,17,18,19,20,21,22,23,24,25,26,27,28,29,30,31,32,33,34,35,36,37,38,39,40,41,42,43,44,45,46,47,48,49,50,51,52,53,54,55,56
0,lstm,15.753854751586914,18.923250198364258,30.264263153076172,45.166954040527344,37.2179069519043,17.937353134155273,20.567344665527344,15.807429313659668,19.195846557617188,30.337858200073242,45.17546844482422,37.17046356201172,17.849834442138672,20.826892852783203,15.881265640258789,18.98260498046875,30.58346939086914,45.31800842285156,37.17451095581055,17.785995483398438,20.068647384643555,15.756962776184082,19.11029052734375,30.629791259765625,45.235321044921875,37.09458541870117,17.73162078857422,20.52117156982422,16.00394058227539,19.369112014770508,30.47694206237793,45.198890686035156,36.91822052001953,17.85584259033203,20.519872665405273,15.839213371276855,19.176233291625977,30.36396026611328,45.138031005859375,36.9932861328125,17.908050537109375,20.449512481689453,15.763318061828613,19.222637176513672,30.64838409423828,45.28953170776367,37.183258056640625,17.93382453918457,20.414608001708984,15.696292877197266,19.169246673583984,30.81187629699707,45.63383102416992,37.180198669433594,17.840789794921875,20.615154266357422
0,test,14.598,20.38,36.154,51.885,39.895,20.196,23.2,18.438,23.328,33.05,49.065,43.112,23.639,21.471,15.76,28.699,52.452,26.035,36.423,16.695,31.236,22.619,21.981,29.974,45.564,35.629,19.43,24.221,16.652,18.552,32.1,49.787,40.009,17.078,21.131,17.191,24.901,37.401,50.383,38.648,18.552,19.912,23.994,22.449,31.647,49.433,38.861,20.876,20.465,19.175,20.621,36.508,51.786,42.489,18.41,22.307
1,lstm,16.396709442138672,18.724685668945312,29.45212173461914,44.109153747558594,36.66368103027344,18.05926513671875,20.4322566986084,16.495206832885742,19.01797866821289,29.598743438720703,44.22373962402344,36.608341217041016,17.974454879760742,20.695240020751953,16.63751792907715,18.576251983642578,29.6982421875,44.197792053222656,36.564537048339844,18.00838851928711,20.279455184936523,16.536035537719727,18.74726104736328,29.642690658569336,44.31483459472656,36.45674514770508,18.034521102905273,20.441024780273438,16.4666748046875,18.628047943115234,29.98287582397461,44.23566436767578,36.378604888916016,17.857040405273438,20.524681091308594,16.72626304626465,19.04414176940918,30.024002075195312,44.15851974487305,36.28884506225586,18.015819549560547,20.43785858154297,16.65947723388672,19.090299606323242,30.127187728881836,44.421329498291016,36.578125,17.93611717224121,20.340044021606445,16.364288330078125,19.328651428222656,30.134151458740234,44.666542053222656,36.592315673828125,17.988019943237305,20.657548904418945
1,test,14.635263157894736,20.26884210526316,35.1582105263158,50.77357894736843,40.029263157894746,20.25342105263158,23.057526315789477,18.450684210526315,23.14894736842105,32.49057894736842,48.01547368421053,43.301473684210535,24.136526315789474,22.037157894736843,16.552157894736844,28.78031578947369,51.81573684210526,27.080736842105264,37.7022105263158,18.49263157894737,32.86578947368421,23.01063157894737,22.729894736842105,30.286578947368422,45.32305263157895,36.78368421052631,20.15057894736842,24.02705263157895,16.649789473684212,18.540052631578945,31.44210526315789,48.62263157894737,38.25084210526316,17.089894736842105,20.62752631578948,17.317789473684208,24.56684210526316,36.79752631578948,49.2641052631579,39.49757894736843,20.379473684210524,21.919263157894736,24.24384210526316,22.41468421052632,31.115894736842105,48.32531578947368,38.95421052631579,20.986368421052635,20.67684210526316,19.08178947368421,20.759,36.123842105263165,50.70068421052632,42.40094736842105,18.796368421052637,22.55315789473684
2,lstm,16.639698028564453,18.995695114135742,29.10464096069336,43.38733673095703,36.138710021972656,18.429716110229492,20.622150421142578,16.94650650024414,18.985191345214844,29.13042449951172,43.252159118652344,36.14021682739258,18.397602081298828,20.750028610229492,17.14215850830078,18.48488998413086,29.0756778717041,43.233619689941406,36.0700798034668,18.362293243408203,19.968721389770508,16.470415115356445,18.875959396362305,28.928224563598633,43.36791229248047,36.00425720214844,18.391298294067383,20.55959701538086,17.001636505126953,18.857141494750977,29.250967025756836,43.48548889160156,35.925025939941406,18.284839630126953,20.563827514648438,16.966922760009766,19.184673309326172,29.322542190551758,43.54585266113281,35.91839599609375,18.51869773864746,20.151935577392578,17.0501766204834,19.134233474731445,29.190027236938477,43.530277252197266,35.97246551513672,18.373584747314453,20.342864990234375,16.819461822509766,19.322383880615234,29.504257202148438,43.84429931640625,35.87310028076172,18.438247680664062,20.785030364990234
2,test,14.672526315789474,20.15768421052632,34.16242105263158,49.66215789473684,40.16352631578948,20.31084210526316,22.915052631578945,18.46336842105263,22.969894736842107,31.93115789473684,46.96594736842105,43.490947368421054,24.634052631578943,22.603315789473687,17.344315789473683,28.86163157894737,51.17947368421052,28.126473684210527,38.981421052631575,20.29026315789473,34.49557894736842,23.402263157894737,23.478789473684213,30.59915789473684,45.08210526315789,37.93836842105263,20.87115789473684,23.833105263157897,16.647578947368423,18.528105263157894,30.784210526315796,47.458263157894734,36.49268421052632,17.10178947368421,20.124052631578948,17.44457894736842,24.232684210526315,36.19405263157895,48.14521052631579,40.347157894736846,22.20694736842105,23.926526315789477,24.49368421052632,22.38036842105263,30.58478947368421,47.21763157894736,39.04742105263158,21.096736842105265,20.888684210526318,18.988578947368424,20.897,35.73968421052632,49.61536842105263,42.3128947368421,19.182736842105264,22.799315789473685
3,lstm,16.907445907592773,18.89397621154785,28.26902961730957,42.49571990966797,35.754940032958984,18.627225875854492,20.714570999145508,17.508079528808594,18.956872940063477,28.412269592285156,42.35954284667969,35.80652618408203,18.601009368896484,20.493146896362305,17.469051361083984,18.87360191345215,28.55167579650879,42.34184265136719,35.79136657714844,18.60882568359375,20.501197814941406,16.939926147460938,18.932174682617188,28.6044921875,42.42681884765625,35.80141067504883,18.613143920898438,20.479076385498047,17.293601989746094,18.851892471313477,28.457473754882812,42.499107360839844,35.521087646484375,18.581327438354492,20.529964447021484,17.333751678466797,18.93640899658203,28.57600212097168,42.43269348144531,35.736793518066406,18.636934280395508,20.60094451904297,17.42473793029785,18.999937057495117,28.716379165649414,42.5778923034668,35.777191162109375,18.652263641357422,20.617280960083008,17.179061889648438,18.96434211730957,28.893722534179688,42.65685272216797,35.725643157958984,18.570343017578125,20.869632720947266
3,test,14.70978947368421,20.04652631578947,33.16663157894737,48.55073684210526,40.29778947368421,20.368263157894734,22.772578947368416,18.476052631578945,22.790842105263152,31.371736842105257,45.91642105263157,43.68042105263157,25.131578947368418,23.169473684210526,18.136473684210525,28.94294736842105,50.54321052631579,29.17221052631579,40.26063157894737,22.087894736842102,36.12536842105263,23.793894736842105,24.227684210526316,30.911736842105263,44.84115789473684,39.09305263157894,21.591736842105263,23.63915789473684,16.64536842105263,18.51615789473684,30.126315789473683,46.293894736842105,34.73452631578947,17.113684210526312,19.62057894736842,17.57136842105263,23.898526315789475,35.59057894736842,47.02631578947368,41.19673684210527,24.03442105263158,25.933789473684207,24.74352631578947,22.34605263157895,30.053684210526317,46.109947368421054,39.14063157894736,21.207105263157896,21.10052631578947,18.895368421052638,21.035,35.35552631578948,48.53005263157895,42.22484210526315,19.56910526315789,23.045473684210524
4,lstm,17.207286834716797,18.677257537841797,27.377220153808594,41.23303985595703,35.618125915527344,18.946208953857422,20.216400146484375,17.482669830322266,18.39699935913086,27.631389617919922,41.275421142578125,35.48554229736328,18.969345092773438,20.70242691040039,17.775964736938477,18.429607391357422,27.60887908935547,41.38389587402344,35.36164474487305,18.96782875061035,20.041175842285156,17.447467803955078,18.434783935546875,27.949947357177734,41.385093688964844,35.609092712402344,18.999113082885742,20.423704147338867,17.76968002319336,18.406509399414062,27.727630615234375,41.56574249267578,35.373863220214844,18.96631622314453,20.567424774169922,17.805553436279297,18.537063598632812,27.84415626525879,41.31787109375,35.448326110839844,19.050216674804688,20.163463592529297,17.8554630279541,18.71628189086914,27.735816955566406,41.575836181640625,35.46589279174805,18.931324005126953,20.463045120239258,17.462427139282227,19.103656768798828,28.33968734741211,41.34095001220703,35.43656921386719,18.993968963623047,20.667465209960938
4,test,14.74705263157895,19.93536842105263,32.17084210526316,47.43931578947368,40.43205263157896,20.42568421052632,22.63010526315789,18.48873684210526,22.611789473684208,30.812315789473683,44.8668947368421,43.869894736842106,25.629105263157893,23.73563157894737,18.928631578947368,29.024263157894737,49.90694736842105,30.21794736842105,41.53984210526316,23.885526315789477,37.75515789473684,24.185526315789478,24.976578947368424,31.224315789473685,44.60021052631579,40.24773684210526,22.312315789473686,23.44521052631579,16.643157894736845,18.504210526315788,29.468421052631584,45.12952631578947,32.97636842105263,17.12557894736842,19.117105263157896,17.69815789473684,23.564368421052635,34.98710526315789,45.90742105263158,42.04631578947369,25.861894736842103,27.941052631578945,24.99336842105263,22.311736842105265,29.52257894736842,45.00226315789474,39.23384210526315,21.31747368421053,21.31236842105263,18.802157894736844,21.173,34.97136842105263,47.444736842105264,42.13678947368421,19.955473684210524,23.291631578947367
5,lstm,17.3997802734375,18.543684005737305,27.592796325683594,40.768890380859375,35.86738586425781,19.082067489624023,20.236658096313477,18.045774459838867,18.153398513793945,27.5811767578125,40.75434875488281,35.679412841796875,19.225778579711914,20.66746711730957,17.996307373046875,18.062395095825195,27.326751708984375,41.43628692626953,36.0954704284668,19.372051239013672,20.210403442382812,17.53097152709961,18.576587677001953,27.535640716552734,40.96977996826172,36.02866744995117,19.12334442138672,20.790542602539062,18.174175262451172,18.34833526611328,27.44171905517578,40.66797637939453,35.9080810546875,19.465473175048828,20.836902618408203,18.030099868774414,18.06160545349121,27.36148452758789,40.47813415527344,35.74359130859375,19.32100486755371,20.111526489257812,18.113882064819336,18.63233757019043,27.491451263427734,40.81311798095703,36.16321563720703,19.315866470336914,20.54243278503418,17.693103790283203,18.614782333374023,27.87425994873047,41.18451690673828,36.021080017089844,19.240449905395508,20.759784698486328
5,test,14.784315789473684,19.824210526315788,31.17505263157895,46.3278947368421,40.56631578947369,20.483105263157896,22.48763157894737,18.501421052631574,22.432736842105264,30.2528947368421,43.81736842105264,44.05936842105264,26.126631578947368,24.30178947368421,19.72078947368421,29.10557894736842,49.27068421052632,31.26368421052632,42.81905263157896,25.683157894736844,39.38494736842105,24.577157894736843,25.725473684210527,31.536894736842108,44.35926315789474,41.40242105263158,23.032894736842103,23.25126315789474,16.640947368421052,18.492263157894737,28.81052631578948,43.96515789473685,31.21821052631579,17.137473684210526,18.61363157894737,17.824947368421054,23.230210526315798,34.38363157894737,44.78852631578948,42.89589473684211,27.689368421052635,29.94831578947368,25.243210526315792,22.27742105263158,28.99147368421053,43.89457894736842,39.32705263157895,21.42784210526316,21.52421052631579,18.70894736842105,21.311,34.58721052631579,46.35942105263158,42.048736842105264,20.34184210526316,23.537789473684214
6,lstm,18.58198356628418,19.686288833618164,31.34646224975586,41.82066345214844,34.92204284667969,20.325288772583008,21.56122589111328,18.878437042236328,19.240341186523438,31.093868255615234,41.840545654296875,34.9525146484375,20.75027084350586,22.10776138305664,19.3204402923584,19.310352325439453,30.866661071777344,41.72648620605469,34.59467315673828,20.33635902404785,21.674253463745117,18.692668914794922,19.484907150268555,30.4248104095459,41.768592834472656,34.94396209716797,20.73068618774414,21.963197708129883,19.06161880493164,19.618906021118164,30.16672706604004,41.83370590209961,34.79373550415039,20.428295135498047,21.94749641418457,18.74102783203125,19.45103645324707,29.78285026550293,41.43702697753906,34.30554962158203,20.43193817138672,21.43453598022461,19.145626068115234,19.845609664916992,29.876657485961914,41.51097869873047,34.57586669921875,20.109041213989258,21.805097579956055,19.10471534729004,20.825288772583008,29.826602935791016,41.7255973815918,34.1876335144043,19.872838973999023,22.024805068969727
6,test,14.821578947368424,19.713052631578947,30.17926315789474,45.21647368421053,40.70057894736842,20.540526315789474,22.34515789473684,18.51410526315789,22.25368421052632,29.693473684210524,42.76784210526316,44.248842105263165,26.624157894736843,24.867947368421053,20.51294736842105,29.186894736842103,48.63442105263158,32.30942105263158,44.098263157894735,27.48078947368421,41.01473684210527,24.96878947368421,26.47436842105263,31.84947368421053,44.11831578947368,42.55710526315789,23.75347368421053,23.057315789473687,16.638736842105263,18.48031578947368,28.15263157894737,42.800789473684205,29.46005263157895,17.149368421052632,18.110157894736844,17.951736842105262,22.896052631578947,33.780157894736845,43.669631578947374,43.74547368421053,29.51684210526316,31.955578947368423,25.493052631578948,22.243105263157894,28.46036842105263,42.7868947368421,39.42026315789474,21.53821052631579,21.736052631578943,18.615736842105264,21.449,34.20305263157895,45.27410526315789,41.96068421052632,20.72821052631579,23.783947368421053
7,lstm,17.33196258544922,18.081727981567383,26.048187255859375,37.90012741088867,34.50230026245117,19.07046127319336,20.34119415283203,17.622663497924805,17.920269012451172,26.439102172851562,37.88526153564453,34.788421630859375,19.352258682250977,20.758769989013672,17.430740356445312,17.9630126953125,26.132537841796875,38.023216247558594,34.75086975097656,19.44134521484375,20.515369415283203,17.26031494140625,17.964719772338867,25.663175582885742,38.335838317871094,34.6878662109375,19.45926284790039,20.644485473632812,17.575420379638672,18.092315673828125,26.11747169494629,38.381439208984375,34.87345504760742,19.365619659423828,20.93558692932129,17.705474853515625,18.19766616821289,25.450498580932617,38.560935974121094,34.725730895996094,19.28438377380371,20.880443572998047,17.589035034179688,18.199525833129883,25.971776962280273,38.536983489990234,34.732757568359375,19.734838485717773,20.74544906616211,17.721887588500977,18.28074073791504,25.89000129699707,38.491947174072266,34.84475326538086,19.675443649291992,21.02101707458496
7,test,14.858842105263156,19.601894736842105,29.18347368421053,44.10505263157894,40.83484210526316,20.597947368421053,22.202684210526314,18.526789473684207,22.074631578947365,29.134052631578943,41.71831578947368,44.43831578947368,27.121684210526315,25.434105263157896,21.30510526315789,29.26821052631579,47.99815789473684,33.35515789473684,45.37747368421053,29.27842105263158,42.64452631578947,25.360421052631576,27.22326315789473,32.162052631578945,43.87736842105263,43.711789473684206,24.474052631578942,22.86336842105263,16.636526315789474,18.46836842105263,27.49473684210526,41.636421052631576,27.701894736842107,17.161263157894737,17.606684210526314,18.078526315789475,22.561894736842103,33.17668421052632,42.55073684210526,44.59505263157895,31.344315789473683,33.96284210526316,25.742894736842103,22.20878947368421,27.92926315789473,41.679210526315785,39.51347368421053,21.64857894736842,21.947894736842105,18.522526315789477,21.587,33.818894736842104,44.18878947368421,41.87263157894736,21.114578947368425,24.030105263157893
8,lstm,14.92702865600586,16.04649543762207,24.42782211303711,35.12101745605469,32.370384216308594,17.37140655517578,17.659574508666992,14.82845687866211,16.10556411743164,24.37504768371582,34.94364547729492,31.635169982910156,17.44348907470703,17.69516372680664,14.825114250183105,16.117429733276367,24.56940460205078,34.983673095703125,31.842500686645508,17.094558715820312,17.895301818847656,15.14850902557373,15.905460357666016,23.848608016967773,35.019554138183594,31.226566314697266,17.15935516357422,17.981243133544922,15.328424453735352,16.388168334960938,24.615880966186523,35.35646057128906,31.862119674682617,17.783916473388672,18.6420841217041,15.64803695678711,17.199312210083008,24.316417694091797,35.21725845336914,31.551551818847656,17.035276412963867,18.543703079223633,16.137462615966797,16.793941497802734,23.886987686157227,35.284263610839844,31.627416610717773,17.762298583984375,19.34465789794922,16.305091857910156,17.55347442626953,24.77410316467285,36.31871795654297,32.25605010986328,18.111751556396484,19.461185455322266
8,test,14.896105263157894,19.490736842105264,28.18768421052632,42.99363157894737,40.9691052631579,20.655368421052632,22.06021052631579,18.539473684210524,21.89557894736842,28.574631578947365,40.66878947368421,44.62778947368422,27.61921052631579,26.000263157894736,22.097263157894737,29.349526315789475,47.3618947368421,34.400894736842105,46.65668421052632,31.076052631578943,44.27431578947368,25.752052631578948,27.97215789473685,32.47463157894737,43.636421052631576,44.866473684210526,25.19463157894737,22.669421052631577,16.634315789473685,18.45642105263158,26.83684210526316,40.47205263157895,25.943736842105263,17.17315789473684,17.10321052631579,18.205315789473687,22.227736842105266,32.57321052631579,41.43184210526316,45.444631578947366,33.171789473684214,35.97010526315789,25.992736842105263,22.174473684210525,27.39815789473684,40.57152631578947,39.60668421052631,21.75894736842105,22.15973684210526,18.429315789473684,21.725,33.434736842105266,43.10347368421053,41.784578947368416,21.50094736842105,24.27626315789474
9,lstm,16.511293411254883,16.40715217590332,23.877294540405273,35.169002532958984,32.25787353515625,18.201335906982422,18.21120834350586,16.271156311035156,16.80500030517578,24.080547332763672,33.93928146362305,31.06053924560547,18.198253631591797,17.61237144470215,16.765348434448242,16.63650894165039,24.400901794433594,33.87329864501953,31.28850555419922,18.391267776489258,18.563697814941406,16.787866592407227,16.54717254638672,22.892894744873047,33.638057708740234,31.184505462646484,18.20848274230957,18.509746551513672,16.63191032409668,17.028392791748047,24.1522159576416,34.44023132324219,31.780555725097656,18.5511531829834,18.73320198059082,17.23909568786621,17.81269073486328,24.369718551635742,34.80411911010742,31.061681747436523,18.78033447265625,19.362041473388672,17.25234031677246,17.546438217163086,24.165372848510742,34.97797393798828,31.37213897705078,19.079132080078125,19.102230072021484,17.68558120727539,18.391511917114258,24.673351287841797,35.20445251464844,32.67772674560547,19.39921760559082,19.63934326171875
9,test,14.93336842105263,19.379578947368422,27.19189473684211,41.88221052631579,41.10336842105264,20.71278947368421,21.917736842105263,18.552157894736844,21.716526315789476,28.01521052631579,39.619263157894736,44.81726315789474,28.116736842105265,26.566421052631583,22.88942105263158,29.43084210526316,46.72563157894737,35.44663157894737,47.93589473684211,32.87368421052632,45.904105263157895,26.14368421052632,28.72105263157895,32.78721052631579,43.39547368421053,46.021157894736845,25.91521052631579,22.475473684210527,16.632105263157897,18.44447368421053,26.178947368421056,39.30768421052632,24.185578947368427,17.185052631578948,16.599736842105266,18.332105263157896,21.893578947368425,31.969736842105263,40.31294736842106,46.294210526315794,34.99926315789474,37.97736842105263,26.242578947368425,22.140157894736845,26.86705263157895,39.46384210526316,39.6998947368421,21.86931578947369,22.37157894736842,18.336105263157897,21.863,33.05057894736842,42.018157894736845,41.69652631578948,21.88731578947369,24.52242105263158
10,lstm,17.13648223876953,16.00625228881836,23.522611618041992,34.69884490966797,31.3371524810791,18.814876556396484,18.659332275390625,16.743623733520508,16.853179931640625,24.069183349609375,34.469783782958984,30.73131561279297,18.750320434570312,17.948579788208008,16.64786148071289,16.507156372070312,23.776824951171875,33.76917266845703,30.579065322875977,18.944242477416992,18.837024688720703,16.666118621826172,16.582828521728516,23.439109802246094,33.73785400390625,30.681001663208008,18.34996795654297,19.276493072509766,17.01558494567871,17.250011444091797,23.640716552734375,34.57591247558594,31.144535064697266,18.616506576538086,19.57670021057129,18.262802124023438,17.803476333618164,24.195035934448242,34.49407958984375,32.23898696899414,19.398714065551758,20.522863388061523,18.778501510620117,18.48644256591797,24.5388240814209,34.81281280517578,32.65597152709961,19.12832260131836,20.451269149780273,19.186195373535156,19.251298904418945,25.25486946105957,35.21144104003906,33.57884216308594,20.003488540649414,20.323583602905273
10,test,14.970631578947367,19.26842105263158,26.196105263157897,40.77078947368421,41.23763157894737,20.77021052631579,21.77526315789473,18.564842105263157,21.537473684210525,27.45578947368421,38.569736842105264,45.00673684210527,28.614263157894737,27.132578947368422,23.681578947368426,29.512157894736845,46.08936842105263,36.49236842105263,49.215105263157895,34.67131578947369,47.5338947368421,26.535315789473685,29.469947368421053,33.09978947368421,43.15452631578947,47.17584210526316,26.63578947368421,22.281526315789478,16.629894736842104,18.432526315789477,25.521052631578947,38.14331578947368,22.42742105263158,17.19694736842105,16.09626315789474,18.458894736842105,21.559421052631578,31.36626315789474,39.19405263157895,47.14378947368421,36.82673684210526,39.984631578947365,26.492421052631578,22.10584210526316,26.335947368421053,38.35615789473684,39.79310526315789,21.979684210526315,22.58342105263158,18.242894736842107,22.001,32.66642105263158,40.93284210526316,41.60847368421052,22.27368421052632,24.76857894736842
11,lstm,14.732939720153809,15.323183059692383,21.19116973876953,31.051239013671875,29.809038162231445,18.854351043701172,16.5155086517334,14.983291625976562,15.293627738952637,20.785282135009766,31.43861961364746,29.755016326904297,18.386560440063477,15.944741249084473,14.94362735748291,15.599607467651367,20.45276641845703,31.706371307373047,29.90418815612793,18.37965202331543,15.98547077178955,15.036548614501953,15.683852195739746,20.484968185424805,31.256168365478516,29.104745864868164,17.97403907775879,16.131629943847656,15.007225036621094,15.863142013549805,21.093441009521484,31.043550491333008,29.310924530029297,17.78924560546875,16.303647994995117,15.254218101501465,16.262266159057617,20.693933486938477,30.691028594970703,29.18220329284668,18.20077896118164,16.11969757080078,15.183064460754395,16.104141235351562,21.3243408203125,31.4111328125,29.601621627807617,18.941804885864258,15.876825332641602,14.961474418640137,16.43846893310547,22.427589416503906,31.501623153686523,30.026735305786133,18.775306701660156,16.774036407470703
11,test,15.007894736842104,19.15726315789474,25.200315789473684,39.65936842105263,41.37189473684211,20.82763157894737,21.63278947368421,18.57752631578947,21.358421052631577,26.896368421052628,37.520210526315786,45.1962105263158,29.111789473684208,27.698736842105266,24.47373684210526,29.59347368421053,45.45310526315789,37.5381052631579,50.49431578947369,36.468947368421055,49.16368421052632,26.92694736842105,30.21884210526316,33.41236842105263,42.91357894736842,48.33052631578947,27.356368421052636,22.08757894736842,16.62768421052632,18.42057894736842,24.863157894736844,36.97894736842105,20.669263157894736,17.208842105263155,15.59278947368421,18.58568421052632,21.225263157894737,30.76278947368421,38.07515789473684,47.99336842105264,38.654210526315794,41.991894736842106,26.742263157894737,22.07152631578948,25.80484210526316,37.24847368421052,39.88631578947368,22.09005263157895,22.795263157894738,18.14968421052632,22.139,32.28226315789474,39.84752631578947,41.520421052631576,22.66005263157895,25.014736842105265
12,lstm,13.294008255004883,15.288164138793945,20.1231746673584,28.160568237304688,26.380970001220703,18.333301544189453,15.314270973205566,14.297929763793945,16.086551666259766,21.540634155273438,28.56674575805664,26.80889129638672,18.738574981689453,15.198662757873535,14.452794075012207,16.23177146911621,21.317058563232422,29.358875274658203,28.132169723510742,18.913116455078125,15.46291732788086,14.626927375793457,16.45180892944336,21.4901180267334,28.989709854125977,26.12980079650879,19.014650344848633,16.58817481994629,15.181609153747559,16.956199645996094,22.624570846557617,30.55130958557129,28.167795181274414,19.637779235839844,16.507230758666992,15.822469711303711,17.572816848754883,23.5323543548584,30.775625228881836,28.935699462890625,19.78579330444336,16.447004318237305,16.08910369873047,17.554813385009766,23.168249130249023,30.97616195678711,29.500198364257812,20.442501068115234,16.98311424255371,15.978757858276367,18.200504302978516,25.289194107055664,32.51736831665039,29.31694793701172,20.49757194519043,17.56142807006836
12,test,15.045157894736844,19.04610526315789,24.20452631578948,38.54794736842105,41.506157894736845,20.885052631578947,21.490315789473684,18.590210526315783,21.17936842105263,26.33694736842105,36.47068421052632,45.38568421052632,29.609315789473683,28.264894736842106,25.265894736842107,29.67478947368421,44.81684210526316,38.58384210526316,51.77352631578948,38.26657894736842,50.793473684210525,27.318578947368422,30.967736842105264,33.724947368421056,42.67263157894736,49.48521052631578,28.07694736842105,21.89363157894737,16.625473684210526,18.408631578947368,24.205263157894738,35.814578947368425,18.911105263157896,17.22073684210526,15.089315789473684,18.71247368421053,20.891105263157897,30.159315789473688,36.95626315789474,48.84294736842105,40.48168421052632,43.99915789473684,26.992105263157896,22.03721052631579,25.273736842105265,36.14078947368421,39.97952631578947,22.20042105263158,23.007105263157893,18.056473684210527,22.277,31.89810526315789,38.76221052631579,41.43236842105263,23.04642105263158,25.260894736842104
13,lstm,15.89541244506836,17.43461036682129,22.447669982910156,29.850963592529297,27.984039306640625,20.119136810302734,17.1513671875,16.251863479614258,17.918813705444336,23.026046752929688,28.897705078125,27.694480895996094,19.864124298095703,16.701541900634766,15.997882843017578,17.685665130615234,22.23807716369629,28.950210571289062,27.820327758789062,20.13884162902832,16.96714973449707,15.990789413452148,17.369129180908203,21.950681686401367,28.88990020751953,27.429773330688477,19.921722412109375,17.716482162475586,16.55553436279297,17.92791175842285,23.18219757080078,29.75486183166504,28.710723876953125,20.734935760498047,17.806304931640625,16.861446380615234,18.04774284362793,23.854907989501953,30.282241821289062,28.814239501953125,20.72249984741211,17.538837432861328,17.004722595214844,18.39467430114746,23.35882568359375,31.299654006958008,29.549068450927734,21.44713020324707,18.064706802368164,17.52348518371582,18.932729721069336,25.30780601501465,32.06011199951172,29.978099822998047,21.740320205688477,18.445690155029297
13,test,15.082421052631576,18.934947368421053,23.208736842105267,37.43652631578948,41.64042105263158,20.94247368421053,21.34784210526316,18.602894736842103,21.00031578947368,25.777526315789476,35.421157894736844,45.57515789473685,30.106842105263155,28.83105263157895,26.058052631578946,29.75610526315789,44.18057894736842,39.62957894736842,53.05273684210526,40.06421052631579,52.42326315789473,27.710210526315787,31.716631578947368,34.03752631578947,42.43168421052631,50.6398947368421,28.79752631578948,21.699684210526318,16.623263157894737,18.396684210526317,23.547368421052635,34.65021052631579,17.152947368421056,17.232631578947366,14.585842105263158,18.839263157894734,20.556947368421053,29.55584210526316,35.83736842105263,49.69252631578947,42.30915789473684,46.00642105263157,27.24194736842105,22.00289473684211,24.742631578947368,35.03310526315789,40.07273684210527,22.31078947368421,23.21894736842105,17.963263157894737,22.415,31.513947368421054,37.67689473684211,41.34431578947368,23.432789473684213,25.507052631578947
14,lstm,15.493069648742676,17.35040855407715,21.28900909423828,26.532007217407227,26.466482162475586,20.99162483215332,16.681194305419922,15.573286056518555,17.724327087402344,21.37401580810547,25.8569393157959,25.948028564453125,20.23093032836914,16.516719818115234,16.045589447021484,17.92467498779297,21.826553344726562,25.841114044189453,26.340978622436523,20.707517623901367,16.642414093017578,15.743826866149902,17.395519256591797,21.108810424804688,25.276058197021484,25.577774047851562,20.367290496826172,16.966577529907227,16.473228454589844,18.208824157714844,22.64308738708496,26.249086380004883,26.058088302612305,20.93307876586914,17.20354652404785,16.875003814697266,18.591083526611328,23.085206985473633,27.36400032043457,26.996292114257812,21.553308486938477,17.42833709716797,16.914878845214844,18.523113250732422,22.82349395751953,26.959070205688477,27.226604461669922,21.964513778686523,17.76629638671875,17.072368621826172,18.679752349853516,24.4139404296875,28.73659324645996,28.181949615478516,22.66393280029297,18.270837783813477
14,test,15.119684210526316,18.82378947368421,22.21294736842105,36.32510526315789,41.77468421052632,20.999894736842105,21.20536842105263,18.61557894736842,20.82126315789473,25.21810526315789,34.371631578947365,45.76463157894737,30.604368421052637,29.397210526315792,26.850210526315788,29.83742105263158,43.544315789473686,40.675315789473686,54.331947368421055,41.86184210526316,54.05305263157894,28.10184210526316,32.465526315789475,34.35010526315789,42.19073684210526,51.79457894736842,29.518105263157896,21.505736842105264,16.621052631578948,18.384736842105266,22.88947368421053,33.48584210526316,15.394789473684211,17.24452631578947,14.082368421052632,18.966052631578947,20.22278947368421,28.952368421052636,34.71847368421052,50.54210526315789,44.136631578947366,48.01368421052632,27.49178947368421,21.96857894736842,24.21152631578948,33.92542105263158,40.16594736842105,22.421157894736844,23.430789473684207,17.87005263157895,22.553,31.12978947368421,36.59157894736842,41.256263157894736,23.819157894736843,25.75321052631579
15,lstm,13.750975608825684,15.715367317199707,19.289764404296875,24.999393463134766,26.149717330932617,19.745885848999023,15.324760437011719,13.684208869934082,15.618077278137207,19.64949607849121,23.976606369018555,24.54913330078125,18.69229507446289,14.46894359588623,13.690385818481445,15.707765579223633,18.97006607055664,23.392263412475586,25.131790161132812,18.647823333740234,14.284270286560059,13.361967086791992,15.238753318786621,18.64801025390625,23.27704429626465,23.7552547454834,18.625377655029297,14.623307228088379,13.736536979675293,15.708637237548828,19.431381225585938,23.91814422607422,24.584190368652344,19.304744720458984,15.50541877746582,14.359946250915527,15.893817901611328,19.714359283447266,24.658599853515625,24.866952896118164,19.113332748413086,14.912483215332031,14.646208763122559,15.87043285369873,19.586130142211914,23.776660919189453,24.378150939941406,19.384761810302734,15.393747329711914,14.986662864685059,16.937517166137695,20.77259063720703,25.999610900878906,25.96895980834961,21.51329231262207,16.014894485473633
15,test,15.15694736842105,18.71263157894737,21.217157894736843,35.21368421052632,41.90894736842105,21.057315789473684,21.062894736842104,18.628263157894736,20.642210526315782,24.658684210526317,33.322105263157894,45.9541052631579,31.101894736842105,29.963368421052632,27.642368421052637,29.918736842105265,42.90805263157895,41.72105263157895,55.61115789473684,43.65947368421053,55.68284210526316,28.493473684210525,33.21442105263158,34.66268421052631,41.949789473684206,52.949263157894734,30.23868421052632,21.31178947368421,16.61884210526316,18.372789473684207,22.231578947368423,32.321473684210524,13.63663157894737,17.256421052631577,13.578894736842106,19.09284210526316,19.88863157894737,28.348894736842105,33.59957894736842,51.39168421052632,45.9641052631579,50.02094736842105,27.74163157894737,21.934263157894737,23.68042105263158,32.81773684210526,40.25915789473684,22.531526315789478,23.64263157894737,17.776842105263157,22.691,30.745631578947368,35.506263157894736,41.16821052631579,24.20552631578948,25.999368421052637
16,lstm,14.8482027053833,16.730613708496094,19.249658584594727,22.252546310424805,23.18266487121582,20.562557220458984,15.659720420837402,13.517446517944336,14.839266777038574,18.34111785888672,19.962352752685547,21.092641830444336,18.665224075317383,14.0286865234375,13.363627433776855,15.116880416870117,18.432437896728516,20.41657066345215,21.21833610534668,17.643268585205078,14.017754554748535,13.440905570983887,14.47208309173584,17.5304012298584,20.151233673095703,20.022289276123047,17.26097869873047,14.583577156066895,13.33577823638916,15.230853080749512,18.785341262817383,20.623306274414062,20.75189208984375,17.16878890991211,13.740437507629395,12.870487213134766,14.839613914489746,18.245500564575195,20.153417587280273,19.887962341308594,17.286975860595703,13.979657173156738,13.741926193237305,15.010513305664062,18.166040420532227,20.66147232055664,20.154470443725586,17.132524490356445,14.822731971740723,13.597118377685547,16.069032669067383,19.196701049804688,20.84813690185547,21.37886619567871,17.79364013671875,15.338388442993164
16,test,15.19421052631579,18.601473684210525,20.221368421052635,34.10226315789474,42.04321052631579,21.114736842105263,20.92042105263158,18.64094736842105,20.46315789473684,24.099263157894736,32.27257894736842,46.143578947368425,31.59942105263158,30.529526315789475,28.434526315789476,30.000052631578946,42.27178947368421,42.76678947368421,56.89036842105264,45.45710526315789,57.31263157894737,28.885105263157897,33.96331578947368,34.97526315789473,41.70884210526315,54.10394736842105,30.95926315789474,21.11784210526316,16.61663157894737,18.36084210526316,21.57368421052632,31.15710526315789,11.878473684210528,17.268315789473682,13.07542105263158,19.21963157894737,19.554473684210524,27.745421052631578,32.48068421052632,52.241263157894736,47.79157894736842,52.02821052631578,27.99147368421053,21.899947368421053,23.149315789473683,31.710052631578947,40.35236842105263,22.641894736842104,23.854473684210525,17.68363157894737,22.829,30.36147368421053,34.420947368421054,41.08015789473684,24.591894736842107,26.24552631578948
17,lstm,19.201913833618164,19.44700813293457,19.70408821105957,19.82550621032715,19.303205490112305,19.79057502746582,19.44808578491211,19.24947166442871,19.41330909729004,19.55130958557129,19.674135208129883,19.73853302001953,19.38385772705078,19.40234375,19.515121459960938,19.711679458618164,19.782400131225586,19.732067108154297,19.788463592529297,19.673139572143555,19.51887321472168,18.974939346313477,19.678497314453125,19.662790298461914,19.890296936035156,19.870250701904297,19.678733825683594,19.63937759399414,19.616296768188477,20.216550827026367,20.527572631835938,20.547475814819336,20.784564971923828,20.976346969604492,20.550081253051758,20.81013298034668,21.37092399597168,21.095746994018555,21.3831844329834,20.972782135009766,20.905227661132812,21.32717514038086,21.497987747192383,21.710172653198242,21.58681869506836,21.67603874206543,21.895410537719727,22.272201538085938,22.255115509033203,22.512800216674805,22.46170425415039,22.670673370361328,22.968420028686523,23.150110244750977,23.574026107788086,23.16414451599121
17,test,15.231473684210526,18.490315789473684,19.225578947368422,32.99084210526316,42.177473684210526,21.17215789473684,20.777947368421053,18.653631578947365,20.28410526315789,23.53984210526316,31.22305263157895,46.33305263157895,32.09694736842105,31.095684210526315,29.22668421052631,30.08136842105263,41.63552631578948,43.81252631578947,58.16957894736842,47.25473684210526,58.94242105263157,29.27673684210526,34.712210526315786,35.28784210526315,41.467894736842105,55.25863157894736,31.679842105263155,20.923894736842108,16.614421052631577,18.348894736842105,20.91578947368421,29.992736842105263,10.120315789473688,17.280210526315788,12.571947368421052,19.34642105263158,19.220315789473688,27.14194736842105,31.36178947368421,53.09084210526316,49.61905263157895,54.03547368421052,28.241315789473685,21.86563157894737,22.61821052631579,30.602368421052635,40.44557894736842,22.75226315789473,24.066315789473684,17.590421052631577,22.967,29.977315789473685,33.33563157894737,40.992105263157896,24.978263157894737,26.49168421052632
18,lstm,19.03866958618164,18.402297973632812,18.334259033203125,18.57897186279297,19.077707290649414,19.40653419494629,18.35525894165039,16.208229064941406,15.609163284301758,16.111265182495117,16.56481170654297,17.651039123535156,17.059309005737305,15.874649047851562,15.003419876098633,14.765275001525879,15.432731628417969,16.301979064941406,17.519649505615234,17.75208282470703,16.6590576171875,15.146957397460938,15.175387382507324,15.284029006958008,15.895477294921875,17.444419860839844,17.375165939331055,17.013620376586914,16.080286026000977,16.114051818847656,16.469545364379883,17.193401336669922,18.070688247680664,17.507373809814453,16.188812255859375,15.086984634399414,14.938497543334961,15.542069435119629,15.89342975616455,16.846250534057617,17.085636138916016,16.447118759155273,15.668069839477539,15.895689010620117,16.419448852539062,17.595611572265625,18.66031837463379,18.960376739501953,18.466400146484375,17.99876594543457,17.775367736816406,19.144603729248047,20.349252700805664,21.034812927246094,21.032697677612305,19.899721145629883
18,test,15.268736842105262,18.37915789473684,18.22978947368421,31.879421052631574,42.31173684210526,21.22957894736842,20.635473684210528,18.66631578947368,20.105052631578943,22.980421052631577,30.173526315789477,46.52252631578948,32.59447368421053,31.66184210526316,30.01884210526316,30.162684210526315,40.99926315789473,44.85826315789474,59.44878947368421,49.05236842105264,60.572210526315786,29.66836842105263,35.46110526315789,35.600421052631575,41.22694736842105,56.41331578947368,32.40042105263158,20.72994736842105,16.61221052631579,18.33694736842105,20.257894736842108,28.828368421052637,8.362157894736844,17.292105263157893,12.068473684210526,19.47321052631579,18.886157894736844,26.53847368421053,30.242894736842103,53.94042105263158,51.44652631578947,56.042736842105256,28.491157894736844,21.831315789473685,22.08710526315789,29.49468421052632,40.53878947368421,22.86263157894737,24.278157894736843,17.49721052631579,23.105,29.593157894736844,32.25031578947368,40.90405263157895,25.364631578947368,26.73784210526316
19,lstm,18.749988555908203,18.275279998779297,18.79643440246582,18.326290130615234,19.175100326538086,18.602401733398438,18.558528900146484,20.07817268371582,19.846803665161133,19.403892517089844,20.602558135986328,20.442140579223633,21.742639541625977,21.012435913085938,20.339473724365234,21.78898811340332,22.203645706176758,22.033517837524414,22.912904739379883,22.26728630065918,22.347789764404297,23.382251739501953,22.973217010498047,23.6592960357666,24.311548233032227,24.676910400390625,23.78795051574707,24.741153717041016,25.194942474365234,25.190181732177734,25.253190994262695,25.3636417388916,25.844989776611328,26.3419246673584,26.668264389038086,27.85004234313965,27.715547561645508,28.08336639404297,28.172590255737305,28.376861572265625,28.467609405517578,29.42182159423828,29.496315002441406,29.27666473388672,29.412931442260742,29.691638946533203,30.947898864746094,29.1668643951416,29.292644500732422,30.227907180786133,29.08540916442871,30.032936096191406,28.744937896728516,28.461101531982422,28.957534790039062,28.499692916870117
19,test,15.306,18.268,17.234,30.768,42.446,21.287,20.493,18.679,19.926,22.421,29.124,46.712,33.092,32.228,30.811,30.244,40.363,45.904,60.728,50.85,62.202,30.06,36.21,35.913,40.986,57.568,33.121,20.536,16.61,18.325,19.6,27.664,6.604,17.304,11.565,19.6,18.552,25.935,29.124,54.79,53.274,58.05,28.741,21.797,21.556,28.387,40.632,22.973,24.49,17.404,23.243,29.209,31.165,40.816,25.751,26.984
